Workbook

Sheet Students
A1: ID | B1: Name | C1: Age | D1: Marks | E1: City
A2: 1 | B2: Nikita Pandey | C2: 20 | D2: 69 | E2: Gorakhpur
A3: 2 | B3: Saurabh Gupta | C3: 19 | D3: 49 | E3: Jaipur
A4: 3 | B4: Jitendra Jha | C4: 30 | D4: 88 | E4: Delhi
A5: 4 | B5: Rekha Yadav | C5: 22 | D5: 60 | E5: Gorakhpur
A6: 5 | B6: Deepak Kumar | C6: 28 | D6: 62 | E6: Lucknow
A7: 6 | B7: Meena Verma | C7: 20 | D7: 66 | E7: Lucknow
A8: 7 | B8: Suresh Yadav | C8: 27 | D8: 64 | E8: Agra
A9: 8 | B9: Sonam Kumar | C9: 26 | D9: 73 | E9: Gorakhpur
A10: 9 | B10: Deepak Pandey | C10: 25 | D10: 83 | E10: Lucknow
A11: 10 | B11: Pinky Yadav | C11: 30 | D11: 52 | E11: Agra
A12: 11 | B12: Dinesh Gupta | C12: 27 | D12: 92 | E12: Jaipur
A13: 12 | B13: Komal Singh | C13: 20 | D13: 60 | E13: Patna
A14: 13 | B14: Kiran Pandey | C14: 21 | D14: 54 | E14: Lucknow
A15: 14 | B15: =VLOOKUP("Lucknow",Students!D2:E51,2,FALSE) -> #N/A | C15: 26 | D15: 77 | E15: Agra
A16: 15 | B16: Rajesh Verma | C16: 28 | D16: 51 | E16: Agra
A17: 16 | B17: Chandan Kumar | C17: 22 | D17: 99 | E17: Varanasi
A18: 17 | B18: Vivaan Sharma | C18: 20 | D18: 87 | E18: Kanpur
A19: 18 | B19: Krishna Sharma | C19: 21 | D19: 85 | E19: Patna
A20: 19 | B20: Pinky Kumar | C20: 22 | D20: 53 | E20: Delhi
A21: 20 | B21: Deepak Yadav | C21: 21 | D21: 50 | E21: Kanpur
A22: 21 | B22: Sapna Rana | C22: 24 | D22: 76 | E22: Jaipur
A23: 22 | B23: Rani Rana | C23: 28 | D23: 43 | E23: Kanpur
A24: 23 | B24: Neha Jha | C24: 23 | D24: 81 | E24: Delhi
A25: 24 | B25: Saurabh Gupta | C25: 24 | D25: 68 | E25: Varanasi
A26: 25 | B26: Komal Singh | C26: 18 | D26: 54 | E26: Varanasi
A27: 26 | B27: Gaurav Singh | C27: 27 | D27: 48 | E27: Kanpur
... A51: 50 | B51: Aarav Singh | C51: 25 | D51: 87 | E51: Kanpur

Sheet ID_Name
A1: ID | B1: Name
A2: 1 | B2: Nikita Pandey
A3: 2 | B3: Saurabh Gupta
A4: 3 | B4: Jitendra Jha
A5: 4 | B5: Rekha Yadav
A6: 5 | B6: Deepak Kumar
A7: 6 | B7: Meena Verma
A8: 7 | B8: Suresh Yadav
A9: 8 | B9: Sonam Kumar
A10: 9 | B10: Deepak Pandey
A11: 10 | B11: Pinky Yadav
A12: 11 | B12: Dinesh Gupta
A13: 12 | B13: Komal Singh
... A51: 50 | B51: Aarav Singh

Sheet ID_Marks
A1: ID | B1: Marks
A2: 1 | B2: 69
A3: 2 | B3: 49
A4: 3 | B4: 88
A5: 4 | B5: 60
A6: 5 | B6: 62
A7: 6 | B7: 66
A8: 7 | B8: 64
A9: 8 | B9: 73
A10: 9 | B10: 83
A11: 10 | B11: 52
A12: 11 | B12: 92
A13: 12 | B13: 60
... A51: 50 | B51: 87

Sheet ID_City
A1: ID | B1: City
A2: 1 | B2: Gorakhpur
A3: 2 | B3: Jaipur
A4: 3 | B4: Delhi
A5: 4 | B5: Gorakhpur
A6: 5 | B6: Lucknow
A7: 6 | B7: Lucknow
A8: 7 | B8: Agra
A9: 8 | B9: Gorakhpur
A10: 9 | B10: Lucknow
A11: 10 | B11: Agra
A12: 11 | B12: Jaipur
A13: 12 | B13: Patna
... A51: 50 | B51: Kanpur

Sheet Sample_20
A1: ID | B1: Name | C1: Age | D1: Marks | E1: City
A2: 18 | B2: Krishna Sharma | C2: 21 | D2: 85 | E2: Patna
A3: 12 | B3: Komal Singh | C3: 20 | D3: 60 | E3: Patna
A4: 24 | B4: Saurabh Gupta | C4: 24 | D4: 68 | E4: Varanasi
A5: 34 | B5: Amit Mishra | C5: 21 | D5: 93 | E5: Jaipur
A6: 9 | B6: Deepak Pandey | C6: 25 | D6: 83 | E6: Lucknow
A7: 47 | B7: Rohit Sharma | C7: 27 | D7: 52 | E7: Agra
A8: 49 | B8: Vivaan Jha | C8: 27 | D8: 43 | E8: Kanpur
A9: 31 | B9: Swati Singh | C9: 28 | D9: 79 | E9: Patna
A10: 22 | B10: Rani Rana | C10: 28 | D10: 43 | E10: Kanpur
A11: 38 | B11: Rekha Gupta | C11: 30 | D11: 47 | E11: Agra
A12: 5 | B12: Deepak Kumar | C12: 28 | D12: 62 | E12: Lucknow
A13: 43 | B13: Dinesh Rana | C13: 25 | D13: 75 | E13: Kanpur
... A21: 28 | B21: Harsh Gupta | C21: 30 | D21: 57 | E21: Lucknow

Sheet SOLUTIONS
A1: Questions for VLOOKUP Practice: | B1: Answers
A2: 1. Find the Age of the student with ID = 10. | B2: =VLOOKUP(10,Students!A2:E51,3,FALSE) -> 30
A3: 2.Find the Marks of the student with ID = 25. | B3: =VLOOKUP(25,ID_Marks!A2:B51,2,FALSE) -> 54
A4: 3.Find the City of the student with ID = 40 | B4: =VLOOKUP(40,ID_City!A2:B51,2,FALSE) -> Agra
A5: 4. Find the Name of the student with ID = 7. | B5: =VLOOKUP(7,ID_Name!A2:B51,2,FALSE) -> Suresh Yadav
A6: 5. Find the Marks of the student named Rohit Sharma | B6: =VLOOKUP("Rohit Sharma",Sample_20!B2:E21,3,FALSE) -> 52
A7: 6. Find the Age of the student named Anjali Gupta. | B7: =VLOOKUP("Anjali Gupta",Students!B2:E51,3,FALSE) -> #N/A
A8: 7. Find the City of the student named Neha Singh. | B8: =VLOOKUP("Neha Singh",Students!B2:E51,3,FALSE) -> #N/A
A9: 8. Using ID_Marks sheet, fetch the marks of ID = 18. | B9: =VLOOKUP(18,ID_Marks!A2:B51,2,FALSE) -> 85
A10: 9. Using ID_City sheet, find the city of ID = 12. | B10: =VLOOKUP(30,ID_City!A2:B51,2,FALSE) -> Delhi
A11: 10. From ID_Name sheet, find the student name with ID = 30. | B11: =VLOOKUP(30,ID_Name!A2:B51,2,FALSE) -> Komal Sharma
A12: 11. From Students sheet, return the city of ID = 5. | B12: =VLOOKUP(5,Students!A2:E51,5,FALSE) -> Lucknow
A13: 12. Return the marks of student whose ID = 33. | B13: =VLOOKUP(33,ID_Marks!A2:B51,2,FALSE) -> 82
A14: 13. Find the Name of student whose ID = 49. | B14: =VLOOKUP(49,ID_Name!A2:B51,2,FALSE) -> Vivaan Jha
A15: 14. Find the Marks of student who lives in Lucknow (first match). | B15: =VLOOKUP("Lucknow",CHOOSE({1,2},Students!E2:E51,Students!D2:D51),2,FALSE) -> 62
A16: 15. From Sample_20 sheet, fetch the Age of student with ID = 22. | B16: =VLOOKUP(22,Sample_20!A2:E21,3,FALSE) -> 28
A17: 16. From Sample_20, find City of ID = 37. | B17: =VLOOKUP(37,Sample_20!A2:E21,5,FALSE) -> #N/A
A18: 17. Find the Age of the student named Arjun Yadav. | B18: =VLOOKUP("Arjun Yadav",Students!B2:E51,3,FALSE) -> #N/A
A19: 18. Return the City of the student named Pooja Verma. | B19: =VLOOKUP("Pooja Verma",Students!B2:E51,3,FALSE) -> #N/A
A20: 19. Using VLOOKUP, return Marks of ID = 15 from ID_Marks. | B20: =VLOOKUP(15,ID_Marks!A2:B51,2,FALSE) -> 51
A21: 20. Using VLOOKUP, return Name of ID = 28 from ID_Name. | B21: =VLOOKUP(28,ID_Name!A2:B51,2,FALSE) -> Harsh Gupta
